{
    "tool-version": "6ffbcbdd7435143257645645c6ba1037",
    "name": "ubuntu:latest-2016-04-06.img",
    "command-line": "ubuntu:latest-2016-04-06.img [INTEGER] [BOOLEAN] [STRING] ",
    "inputs": [
        {
            "command-line-flag": "--integer",
            "name": "integer",
            "default-value": 9999,
            "optional": false,
            "list": false,
            "command-line-key": "[INTEGER]",
            "type": "Number",
            "id": "integer",
            "description": "This is a string argument with default None"
        },
        {
            "command-line-flag": "--boolean",
            "name": "boolean",
            "default-value": false,
            "optional": false,
            "list": false,
            "command-line-key": "[BOOLEAN]",
            "type": "String",
            "id": "boolean",
            "description": "This is a boolean argument that defaults to False, and when set, returns True"
        },
        {
            "command-line-flag": "--string",
            "name": "string",
            "optional": false,
            "list": false,
            "command-line-key": "[STRING]",
            "type": "String",
            "id": "string",
            "description": "This is a string argument with default None"
        }
    ],
    "outputs": [],
    "schema-version": "0.2-snapshot",
    "description": "ubuntu:latest-2016-04-06.img is a singularity container that can be integrated into a workflow."
}